Age,Handedness,Participant_number,Gender,Position,stimulus,UniqueTrials,Target,Level,CorResp,Block,Trialnumber,Time,Response,Accuracy,Type
18,0,23,1,0,18,18,0,0,0,1,1,99.9,0,1,1
18,0,23,1,0,0,0,1,2,1,1,2,99.9,0,0,1
18,0,23,1,0,16,16,0,0,0,1,3,99.9,0,1,1
18,0,23,1,0,14,14,1,1,1,1,4,0.322929668,1,1,1
18,0,23,1,1,22,50,0,0,0,1,5,0.305618836,1,0,1
18,0,23,1,0,27,27,0,0,0,1,6,99.9,0,1,1
18,0,23,1,0,16,16,0,0,0,1,7,99.9,0,1,1
18,0,23,1,1,11,39,1,1,1,1,8,0.297816199,1,1,1
18,0,23,1,1,0,28,1,2,1,1,9,0.679378324,1,1,1
18,0,23,1,1,6,34,1,2,1,1,10,99.9,0,0,1
18,0,23,1,0,5,5,1,2,1,1,11,0.29830484,1,1,1
18,0,23,1,0,6,6,1,2,1,1,12,99.9,0,0,1
18,0,23,1,0,25,25,0,0,0,1,13,99.9,0,1,1
18,0,23,1,1,5,33,1,2,1,1,14,0.437452391,1,1,1
18,0,23,1,0,26,26,0,0,0,1,15,99.9,0,1,1
18,0,23,1,1,12,40,1,1,1,1,16,0.449402452,1,1,1
18,0,23,1,0,10,10,1,1,1,1,17,0.336204638,1,1,1
18,0,23,1,1,6,34,1,2,1,1,18,99.9,0,0,1
18,0,23,1,1,23,51,0,0,0,1,19,0.329569385,1,0,1
18,0,23,1,1,3,31,1,2,1,1,20,99.9,0,0,1
18,0,23,1,0,12,12,1,1,1,1,21,0.287654251,1,1,1
18,0,23,1,1,3,31,1,2,1,1,22,0.368035025,1,1,1
18,0,23,1,0,2,2,1,2,1,1,23,0.30776484,1,1,1
18,0,23,1,1,17,45,0,0,0,1,24,99.9,0,1,1
18,0,23,1,0,5,5,1,2,1,1,25,99.9,0,0,1
18,0,23,1,0,2,2,1,2,1,1,26,0.299919363,1,1,1
18,0,23,1,1,4,32,1,2,1,1,27,0.399307156,1,1,1
18,0,23,1,1,3,31,1,2,1,1,28,0.523789676,1,1,1
18,0,23,1,0,17,17,0,0,0,1,29,99.9,0,1,1
18,0,23,1,1,7,35,1,2,1,1,30,0.321415104,1,1,1
18,0,23,1,1,16,44,0,0,0,1,31,99.9,0,1,1
18,0,23,1,1,3,31,1,2,1,1,32,0.304403704,1,1,1
18,0,23,1,1,18,46,0,0,0,1,33,99.9,0,1,1
18,0,23,1,1,14,42,1,1,1,1,34,0.283593845,1,1,1
18,0,23,1,1,10,38,1,1,1,1,35,0.24198573,1,1,1
18,0,23,1,0,26,26,0,0,0,1,36,99.9,0,1,1
18,0,23,1,0,1,1,1,2,1,1,37,0.413618759,1,1,1
18,0,23,1,1,14,42,1,1,1,1,38,0.280869058,1,1,1
18,0,23,1,0,1,1,1,2,1,1,39,99.9,0,0,1
18,0,23,1,1,14,42,1,1,1,1,40,0.241250314,1,1,1
18,0,23,1,0,23,23,0,0,0,1,41,0.427729551,1,0,1
18,0,23,1,1,12,40,1,1,1,1,42,0.288602973,1,1,1
18,0,23,1,0,27,27,0,0,0,1,43,99.9,0,1,1
18,0,23,1,1,1,29,1,2,1,1,44,0.383211009,1,1,1
18,0,23,1,0,11,11,1,1,1,1,45,0.260198428,1,1,1
18,0,23,1,0,21,21,0,0,0,1,46,99.9,0,1,1
18,0,23,1,1,17,45,0,0,0,1,47,99.9,0,1,1
18,0,23,1,0,27,27,0,0,0,1,48,99.9,0,1,1
18,0,23,1,0,3,3,1,2,1,1,49,99.9,0,0,1
18,0,23,1,0,21,21,0,0,0,1,50,0.314108248,1,0,1
18,0,23,1,1,1,29,1,2,1,1,51,99.9,0,0,1
18,0,23,1,1,15,43,1,1,1,1,52,0.333813644,1,1,1
18,0,23,1,1,9,37,1,1,1,1,53,0.266295061,1,1,1
18,0,23,1,0,10,10,1,1,1,1,54,0.287758673,1,1,1
18,0,23,1,0,0,0,1,2,1,1,55,99.9,0,0,1
18,0,23,1,1,16,44,0,0,0,1,56,99.9,0,1,1
18,0,23,1,1,20,48,0,0,0,1,57,99.9,0,1,1
18,0,23,1,0,27,27,0,0,0,1,58,0.310444556,1,0,1
18,0,23,1,0,25,25,0,0,0,1,59,99.9,0,1,1
18,0,23,1,1,26,54,0,0,0,1,60,99.9,0,1,1
18,0,23,1,0,23,23,0,0,0,1,61,0.338485409,1,0,1
18,0,23,1,1,2,30,1,2,1,1,62,99.9,0,0,1
18,0,23,1,0,8,8,1,1,1,1,63,99.9,0,0,1
18,0,23,1,1,7,35,1,2,1,1,64,99.9,0,0,1
18,0,23,1,1,21,49,0,0,0,1,65,99.9,0,1,1
18,0,23,1,1,27,55,0,0,0,1,66,99.9,0,1,1
18,0,23,1,1,17,45,0,0,0,1,67,0.269849423,1,0,1
18,0,23,1,1,25,53,0,0,0,1,68,99.9,0,1,1
18,0,23,1,1,22,50,0,0,0,1,69,0.263083418,1,0,1
18,0,23,1,0,8,8,1,1,1,1,70,0.312319242,1,1,1
18,0,23,1,1,17,45,0,0,0,1,71,99.9,0,1,1
18,0,23,1,0,12,12,1,1,1,1,72,0.298523501,1,1,1
18,0,23,1,0,19,19,0,0,0,1,73,99.9,0,1,1
18,0,23,1,0,13,13,1,1,1,1,74,0.305913359,1,1,1
18,0,23,1,0,3,3,1,2,1,1,75,99.9,0,0,1
18,0,23,1,1,27,55,0,0,0,1,76,0.375059407,1,0,1
18,0,23,1,0,9,9,1,1,1,1,77,0.340204801,1,1,1
18,0,23,1,0,13,13,1,1,1,1,78,0.398317379,1,1,1
18,0,23,1,0,0,0,1,2,1,1,79,0.313940905,1,1,1
18,0,23,1,1,23,51,0,0,0,1,80,99.9,0,1,1
18,0,23,1,1,10,38,1,1,1,1,81,0.317561311,1,1,1
18,0,23,1,0,24,24,0,0,0,1,82,99.9,0,1,1
18,0,23,1,1,19,47,0,0,0,1,83,0.315737498,1,0,1
18,0,23,1,1,9,37,1,1,1,1,84,0.297566746,1,1,1
18,0,23,1,0,15,15,1,1,1,1,85,0.303579039,1,1,1
18,0,23,1,0,12,12,1,1,1,1,86,0.271214494,1,1,1
18,0,23,1,0,10,10,1,1,1,1,87,0.465368295,1,1,1
18,0,23,1,1,25,53,0,0,0,1,88,99.9,0,1,1
18,0,23,1,0,7,7,1,2,1,1,89,0.365817621,1,1,1
18,0,23,1,0,1,1,1,2,1,1,90,99.9,0,0,1
18,0,23,1,0,7,7,1,2,1,1,91,0.329644354,1,1,1
18,0,23,1,0,3,3,1,2,1,1,92,99.9,0,0,1
18,0,23,1,1,10,38,1,1,1,1,93,0.328030723,1,1,1
18,0,23,1,0,0,0,1,2,1,1,94,99.9,0,0,1
18,0,23,1,0,20,20,0,0,0,1,95,99.9,0,1,1
18,0,23,1,1,4,32,1,2,1,1,96,0.505704158,1,1,1
18,0,23,1,1,25,53,0,0,0,1,97,99.9,0,1,1
18,0,23,1,1,14,42,1,1,1,1,98,0.270493804,1,1,1
18,0,23,1,1,9,37,1,1,1,1,99,0.303582162,1,1,1
18,0,23,1,0,15,15,1,1,1,1,100,0.292443825,1,1,1
18,0,23,1,1,22,50,0,0,0,1,101,99.9,0,1,1
18,0,23,1,0,18,18,0,0,0,1,102,0.322557052,1,0,1
18,0,23,1,0,21,21,0,0,0,1,103,0.366076445,1,0,1
18,0,23,1,0,14,14,1,1,1,1,104,0.372469833,1,1,1
18,0,23,1,0,4,4,1,2,1,1,105,0.300042974,1,1,1
18,0,23,1,0,22,22,0,0,0,1,106,99.9,0,1,1
18,0,23,1,1,5,33,1,2,1,1,107,0.277406178,1,1,1
18,0,23,1,1,19,47,0,0,0,1,108,99.9,0,1,1
18,0,23,1,1,15,43,1,1,1,1,109,99.9,0,0,1
18,0,23,1,0,20,20,0,0,0,1,110,99.9,0,1,1
18,0,23,1,0,25,25,0,0,0,1,111,99.9,0,1,1
18,0,23,1,1,4,32,1,2,1,1,112,0.301960499,1,1,1
18,0,23,1,1,0,28,1,2,1,1,113,0.303494252,1,1,1
18,0,23,1,0,7,7,1,2,1,1,114,0.262739362,1,1,1
18,0,23,1,0,11,11,1,1,1,1,115,0.272219889,1,1,1
18,0,23,1,0,4,4,1,2,1,1,116,0.264479281,1,1,1
18,0,23,1,1,14,42,1,1,1,1,117,99.9,0,0,1
18,0,23,1,1,25,53,0,0,0,1,118,99.9,0,1,1
18,0,23,1,0,17,17,0,0,0,1,119,99.9,0,1,1
18,0,23,1,0,22,22,0,0,0,1,120,99.9,0,1,1
18,0,23,1,1,15,43,1,1,1,1,121,0.279302729,1,1,1
18,0,23,1,1,11,39,1,1,1,1,122,99.9,0,0,1
18,0,23,1,0,7,7,1,2,1,1,123,0.294517984,1,1,1
18,0,23,1,0,15,15,1,1,1,1,124,0.286493561,1,1,1
18,0,23,1,0,26,26,0,0,0,1,125,99.9,0,1,1
18,0,23,1,1,20,48,0,0,0,1,126,99.9,0,1,1
18,0,23,1,0,19,19,0,0,0,1,127,99.9,0,1,1
18,0,23,1,1,2,30,1,2,1,1,128,0.236363458,1,1,1
18,0,23,1,0,24,24,0,0,0,1,129,99.9,0,1,1
18,0,23,1,0,2,2,1,2,1,1,130,99.9,0,0,1
18,0,23,1,0,1,1,1,2,1,1,131,0.313816848,1,1,1
18,0,23,1,1,10,38,1,1,1,1,132,0.294280134,1,1,1
18,0,23,1,1,22,50,0,0,0,1,133,0.291756158,1,0,1
18,0,23,1,1,27,55,0,0,0,1,134,99.9,0,1,1
18,0,23,1,0,18,18,0,0,0,1,135,99.9,0,1,1
18,0,23,1,0,23,23,0,0,0,1,136,0.319947843,1,0,1
18,0,23,1,1,2,30,1,2,1,1,137,0.17905948,1,1,1
18,0,23,1,0,5,5,1,2,1,1,138,0.215701307,1,1,1
18,0,23,1,0,2,2,1,2,1,1,139,0.26995563,1,1,1
18,0,23,1,0,15,15,1,1,1,1,140,99.9,0,0,1
18,0,23,1,1,0,28,1,2,1,1,141,0.27126849,1,1,1
18,0,23,1,1,15,43,1,1,1,1,142,99.9,0,0,1
18,0,23,1,1,19,47,0,0,0,1,143,99.9,0,1,1
18,0,23,1,1,12,40,1,1,1,1,144,99.9,0,0,1
18,0,23,1,1,17,45,0,0,0,1,145,99.9,0,1,1
18,0,23,1,1,21,49,0,0,0,1,146,99.9,0,1,1
18,0,23,1,1,0,28,1,2,1,1,147,0.271302851,1,1,1
18,0,23,1,1,26,54,0,0,0,1,148,99.9,0,1,1
18,0,23,1,0,8,8,1,1,1,1,149,99.9,0,0,1
18,0,23,1,0,10,10,1,1,1,1,150,0.261061471,1,1,1
18,0,23,1,1,18,46,0,0,0,1,151,99.9,0,1,1
18,0,23,1,1,26,54,0,0,0,1,152,99.9,0,1,1
18,0,23,1,0,25,25,0,0,0,1,153,99.9,0,1,1
18,0,23,1,1,15,43,1,1,1,1,154,0.367159934,1,1,1
18,0,23,1,0,7,7,1,2,1,1,155,0.305481392,1,1,1
18,0,23,1,1,2,30,1,2,1,1,156,0.319165125,1,1,1
18,0,23,1,1,12,40,1,1,1,1,157,0.278483419,1,1,1
18,0,23,1,0,4,4,1,2,1,1,158,0.27106991,1,1,1
18,0,23,1,1,9,37,1,1,1,1,159,99.9,0,0,1
18,0,23,1,0,24,24,0,0,0,1,160,99.9,0,1,1
18,0,23,1,1,7,35,1,2,1,1,161,0.280803906,1,1,1
18,0,23,1,0,4,4,1,2,1,1,162,0.291045286,1,1,1
18,0,23,1,1,13,41,1,1,1,1,163,0.312463826,1,1,1
18,0,23,1,1,4,32,1,2,1,1,164,0.262681796,1,1,1
18,0,23,1,0,1,1,1,2,1,1,165,0.297867963,1,1,1
18,0,23,1,1,16,44,0,0,0,1,166,99.9,0,1,1
18,0,23,1,1,24,52,0,0,0,1,167,99.9,0,1,1
18,0,23,1,1,13,41,1,1,1,1,168,0.27253494,1,1,1
18,0,23,1,1,18,46,0,0,0,1,169,99.9,0,1,1
18,0,23,1,0,5,5,1,2,1,1,170,0.236459401,1,1,1
18,0,23,1,0,13,13,1,1,1,1,171,0.274970559,1,1,1
18,0,23,1,1,10,38,1,1,1,1,172,0.294516199,1,1,1
18,0,23,1,1,3,31,1,2,1,1,173,99.9,0,0,1
18,0,23,1,1,11,39,1,1,1,1,174,0.296572953,1,1,1
18,0,23,1,0,8,8,1,1,1,1,175,0.269993561,1,1,1
18,0,23,1,1,19,47,0,0,0,1,176,0.336599567,1,0,1
18,0,23,1,0,11,11,1,1,1,1,177,99.9,0,0,1
18,0,23,1,1,8,36,1,1,1,1,178,0.246533438,1,1,1
18,0,23,1,0,15,15,1,1,1,1,179,0.328227072,1,1,1
18,0,23,1,0,22,22,0,0,0,1,180,99.9,0,1,1
18,0,23,1,0,25,25,0,0,0,1,181,99.9,0,1,1
18,0,23,1,0,3,3,1,2,1,1,182,0.353166059,1,1,1
18,0,23,1,0,26,26,0,0,0,1,183,99.9,0,1,1
18,0,23,1,0,20,20,0,0,0,1,184,99.9,0,1,1
18,0,23,1,0,12,12,1,1,1,1,185,0.277606543,1,1,1
18,0,23,1,0,5,5,1,2,1,1,186,0.263989747,1,1,1
18,0,23,1,0,9,9,1,1,1,1,187,0.696613294,1,1,1
18,0,23,1,1,6,34,1,2,1,1,188,0.4750715,1,1,1
18,0,23,1,0,16,16,0,0,0,1,189,99.9,0,1,1
18,0,23,1,1,19,47,0,0,0,1,190,99.9,0,1,1
18,0,23,1,0,6,6,1,2,1,1,191,0.223106338,1,1,1
18,0,23,1,1,26,54,0,0,0,1,192,99.9,0,1,1
18,0,23,1,0,14,14,1,1,1,1,193,0.295381919,1,1,1
18,0,23,1,1,2,30,1,2,1,1,194,0.526819697,1,1,1
18,0,23,1,1,22,50,0,0,0,1,195,99.9,0,1,1
18,0,23,1,1,18,46,0,0,0,1,196,99.9,0,1,1
18,0,23,1,0,4,4,1,2,1,1,197,0.259438915,1,1,1
18,0,23,1,1,6,34,1,2,1,1,198,0.265128571,1,1,1
18,0,23,1,1,7,35,1,2,1,1,199,0.273900457,1,1,1
18,0,23,1,1,0,28,1,2,1,1,200,0.346043949,1,1,1
18,0,23,1,1,12,40,1,1,1,1,201,0.338975389,1,1,1
18,0,23,1,1,11,39,1,1,1,1,202,99.9,0,0,1
18,0,23,1,0,23,23,0,0,0,1,203,0.3921489,1,0,1
18,0,23,1,0,18,18,0,0,0,1,204,99.9,0,1,1
18,0,23,1,0,21,21,0,0,0,1,205,99.9,0,1,1
18,0,23,1,1,23,51,0,0,0,1,206,99.9,0,1,1
18,0,23,1,1,20,48,0,0,0,1,207,99.9,0,1,1
18,0,23,1,1,11,39,1,1,1,1,208,0.281246583,1,1,1
18,0,23,1,0,3,3,1,2,1,1,209,0.63445102,1,1,1
18,0,23,1,0,17,17,0,0,0,1,210,99.9,0,1,1
18,0,23,1,1,5,33,1,2,1,1,211,99.9,0,0,1
18,0,23,1,0,24,24,0,0,0,1,212,99.9,0,1,1
18,0,23,1,1,6,34,1,2,1,1,213,0.29022419,1,1,1
18,0,23,1,1,24,52,0,0,0,1,214,99.9,0,1,1
18,0,23,1,1,8,36,1,1,1,1,215,0.289013967,1,1,1
18,0,23,1,0,24,24,0,0,0,1,216,99.9,0,1,1
18,0,23,1,1,25,53,0,0,0,1,217,99.9,0,1,1
18,0,23,1,1,5,33,1,2,1,1,218,99.9,0,0,1
18,0,23,1,0,27,27,0,0,0,1,219,0.345048817,1,0,1
18,0,23,1,1,8,36,1,1,1,1,220,0.282196198,1,1,1
18,0,23,1,0,9,9,1,1,1,1,221,0.327374293,1,1,1
18,0,23,1,0,2,2,1,2,1,1,222,99.9,0,0,1
18,0,23,1,0,20,20,0,0,0,1,223,99.9,0,1,1
18,0,23,1,0,10,10,1,1,1,1,224,0.592429679,1,1,1
18,0,23,1,1,24,52,0,0,0,1,225,99.9,0,1,1
18,0,23,1,0,6,6,1,2,1,1,226,0.247769097,1,1,1
18,0,23,1,1,21,49,0,0,0,1,227,99.9,0,1,1
18,0,23,1,1,16,44,0,0,0,1,228,99.9,0,1,1
18,0,23,1,0,8,8,1,1,1,1,229,0.269633885,1,1,1
18,0,23,1,1,27,55,0,0,0,1,230,99.9,0,1,1
18,0,23,1,0,16,16,0,0,0,1,231,99.9,0,1,1
18,0,23,1,0,18,18,0,0,0,1,232,99.9,0,1,1
18,0,23,1,0,22,22,0,0,0,1,233,99.9,0,1,1
18,0,23,1,1,1,29,1,2,1,1,234,0.292036401,1,1,1
18,0,23,1,1,24,52,0,0,0,1,235,99.9,0,1,1
18,0,23,1,0,21,21,0,0,0,1,236,99.9,0,1,1
18,0,23,1,0,9,9,1,1,1,1,237,0.387704275,1,1,1
18,0,23,1,1,20,48,0,0,0,1,238,99.9,0,1,1
18,0,23,1,0,6,6,1,2,1,1,239,0.282464393,1,1,1
18,0,23,1,1,4,32,1,2,1,1,240,0.289896198,1,1,1
18,0,23,1,1,7,35,1,2,1,1,241,99.9,0,0,1
18,0,23,1,1,21,49,0,0,0,1,242,99.9,0,1,1
18,0,23,1,1,1,29,1,2,1,1,243,0.314284962,1,1,1
18,0,23,1,1,27,55,0,0,0,1,244,99.9,0,1,1
18,0,23,1,1,24,52,0,0,0,1,245,99.9,0,1,1
18,0,23,1,0,13,13,1,1,1,1,246,0.253832708,1,1,1
18,0,23,1,0,6,6,1,2,1,1,247,0.359702692,1,1,1
18,0,23,1,0,13,13,1,1,1,1,248,0.252614453,1,1,1
18,0,23,1,1,16,44,0,0,0,1,249,99.9,0,1,1
18,0,23,1,1,13,41,1,1,1,1,250,0.344133564,1,1,1
18,0,23,1,1,20,48,0,0,0,1,251,99.9,0,1,1
18,0,23,1,1,13,41,1,1,1,1,252,0.291578998,1,1,1
18,0,23,1,1,9,37,1,1,1,1,253,0.482458235,1,1,1
18,0,23,1,0,0,0,1,2,1,1,254,0.415560828,1,1,1
18,0,23,1,0,11,11,1,1,1,1,255,0.293344353,1,1,1
18,0,23,1,0,22,22,0,0,0,1,256,99.9,0,1,1
18,0,23,1,1,18,46,0,0,0,1,257,99.9,0,1,1
18,0,23,1,0,17,17,0,0,0,1,258,99.9,0,1,1
18,0,23,1,1,23,51,0,0,0,1,259,99.9,0,1,1
18,0,23,1,1,13,41,1,1,1,1,260,0.349490765,1,1,1
18,0,23,1,0,19,19,0,0,0,1,261,99.9,0,1,1
18,0,23,1,1,8,36,1,1,1,1,262,0.352834051,1,1,1
18,0,23,1,0,14,14,1,1,1,1,263,0.418895636,1,1,1
18,0,23,1,0,16,16,0,0,0,1,264,99.9,0,1,1
18,0,23,1,1,23,51,0,0,0,1,265,0.399448617,1,0,1
18,0,23,1,0,26,26,0,0,0,1,266,99.9,0,1,1
18,0,23,1,1,5,33,1,2,1,1,267,0.324636565,1,1,1
18,0,23,1,1,8,36,1,1,1,1,268,0.385184316,1,1,1
18,0,23,1,0,12,12,1,1,1,1,269,0.308300337,1,1,1
18,0,23,1,0,17,17,0,0,0,1,270,99.9,0,1,1
18,0,23,1,0,19,19,0,0,0,1,271,99.9,0,1,1
18,0,23,1,0,20,20,0,0,0,1,272,99.9,0,1,1
18,0,23,1,0,11,11,1,1,1,1,273,99.9,0,0,1
18,0,23,1,0,14,14,1,1,1,1,274,0.270016766,1,1,1
18,0,23,1,1,21,49,0,0,0,1,275,99.9,0,1,1
18,0,23,1,1,26,54,0,0,0,1,276,99.9,0,1,1
18,0,23,1,0,19,19,0,0,0,1,277,99.9,0,1,1
18,0,23,1,1,1,29,1,2,1,1,278,0.215046216,1,1,1
18,0,23,1,0,9,9,1,1,1,1,279,0.267536076,1,1,1
18,0,23,1,0,23,23,0,0,0,1,280,99.9,0,1,1
18,0,23,1,0,7,7,1,2,1,2,1,99.9,0,0,2
18,0,23,1,0,4,4,1,2,1,2,2,0.259493804,1,1,2
18,0,23,1,0,0,0,1,2,1,2,3,0.285655062,1,1,2
18,0,23,1,1,22,50,0,0,0,2,4,99.9,0,1,2
18,0,23,1,1,16,44,0,0,0,2,5,99.9,0,1,2
18,0,23,1,1,7,35,1,2,1,2,6,99.9,0,0,2
18,0,23,1,0,3,3,1,2,1,2,7,99.9,0,0,2
18,0,23,1,1,5,33,1,2,1,2,8,99.9,0,0,2
18,0,23,1,1,15,43,1,1,1,2,9,0.324988208,1,1,2
18,0,23,1,1,2,30,1,2,1,2,10,99.9,0,0,2
18,0,23,1,1,5,33,1,2,1,2,11,0.792027253,1,1,2
18,0,23,1,1,20,48,0,0,0,2,12,99.9,0,1,2
18,0,23,1,0,23,23,0,0,0,2,13,0.542879698,1,0,2
18,0,23,1,0,22,22,0,0,0,2,14,99.9,0,1,2
18,0,23,1,1,18,46,0,0,0,2,15,99.9,0,1,2
18,0,23,1,1,7,35,1,2,1,2,16,0.26044565,1,1,2
18,0,23,1,0,19,19,0,0,0,2,17,99.9,0,1,2
18,0,23,1,1,7,35,1,2,1,2,18,99.9,0,0,2
18,0,23,1,1,2,30,1,2,1,2,19,0.416071335,1,1,2
18,0,23,1,1,1,29,1,2,1,2,20,0.259209544,1,1,2
18,0,23,1,0,6,6,1,2,1,2,21,0.246549949,1,1,2
18,0,23,1,1,12,40,1,1,1,2,22,0.335592833,1,1,2
18,0,23,1,0,7,7,1,2,1,2,23,0.285782243,1,1,2
18,0,23,1,0,2,2,1,2,1,2,24,0.285780904,1,1,2
18,0,23,1,0,26,26,0,0,0,2,25,99.9,0,1,2
18,0,23,1,1,8,36,1,1,1,2,26,0.221921997,1,1,2
18,0,23,1,1,16,44,0,0,0,2,27,99.9,0,1,2
18,0,23,1,0,26,26,0,0,0,2,28,99.9,0,1,2
18,0,23,1,0,4,4,1,2,1,2,29,0.241379726,1,1,2
18,0,23,1,0,2,2,1,2,1,2,30,0.293820053,1,1,2
18,0,23,1,0,19,19,0,0,0,2,31,99.9,0,1,2
18,0,23,1,0,11,11,1,1,1,2,32,99.9,0,0,2
18,0,23,1,1,17,45,0,0,0,2,33,99.9,0,1,2
18,0,23,1,1,27,55,0,0,0,2,34,99.9,0,1,2
18,0,23,1,0,18,18,0,0,0,2,35,99.9,0,1,2
18,0,23,1,1,11,39,1,1,1,2,36,0.301916767,1,1,2
18,0,23,1,1,12,40,1,1,1,2,37,0.247484838,1,1,2
18,0,23,1,1,14,42,1,1,1,2,38,0.184961103,1,1,2
18,0,23,1,1,11,39,1,1,1,2,39,99.9,0,0,2
18,0,23,1,1,24,52,0,0,0,2,40,99.9,0,1,2
18,0,23,1,1,0,28,1,2,1,2,41,0.303050682,1,1,2
18,0,23,1,1,25,53,0,0,0,2,42,99.9,0,1,2
18,0,23,1,1,10,38,1,1,1,2,43,0.30207697,1,1,2
18,0,23,1,0,23,23,0,0,0,2,44,99.9,0,1,2
18,0,23,1,0,11,11,1,1,1,2,45,99.9,0,0,2
18,0,23,1,1,26,54,0,0,0,2,46,99.9,0,1,2
18,0,23,1,1,6,34,1,2,1,2,47,0.209439116,1,1,2
18,0,23,1,1,3,31,1,2,1,2,48,99.9,0,0,2
18,0,23,1,0,24,24,0,0,0,2,49,99.9,0,1,2
18,0,23,1,1,21,49,0,0,0,2,50,99.9,0,1,2
18,0,23,1,0,10,10,1,1,1,2,51,0.227075709,1,1,2
18,0,23,1,1,2,30,1,2,1,2,52,0.290008207,1,1,2
18,0,23,1,1,25,53,0,0,0,2,53,99.9,0,1,2
18,0,23,1,1,1,29,1,2,1,2,54,0.761694027,1,1,2
18,0,23,1,1,19,47,0,0,0,2,55,99.9,0,1,2
18,0,23,1,0,1,1,1,2,1,2,56,0.395302977,1,1,2
18,0,23,1,1,21,49,0,0,0,2,57,99.9,0,1,2
18,0,23,1,0,1,1,1,2,1,2,58,0.335504922,1,1,2
18,0,23,1,0,9,9,1,1,1,2,59,0.2709521,1,1,2
18,0,23,1,1,17,45,0,0,0,2,60,0.349259162,1,0,2
18,0,23,1,0,5,5,1,2,1,2,61,0.249980254,1,1,2
18,0,23,1,0,8,8,1,1,1,2,62,0.198741671,1,1,2
18,0,23,1,0,20,20,0,0,0,2,63,99.9,0,1,2
18,0,23,1,0,19,19,0,0,0,2,64,99.9,0,1,2
18,0,23,1,1,9,37,1,1,1,2,65,0.21847295,1,1,2
18,0,23,1,1,16,44,0,0,0,2,66,99.9,0,1,2
18,0,23,1,0,15,15,1,1,1,2,67,0.280627638,1,1,2
18,0,23,1,1,20,48,0,0,0,2,68,99.9,0,1,2
18,0,23,1,1,11,39,1,1,1,2,69,0.209408325,1,1,2
18,0,23,1,0,7,7,1,2,1,2,70,99.9,0,0,2
18,0,23,1,0,3,3,1,2,1,2,71,99.9,0,0,2
18,0,23,1,0,19,19,0,0,0,2,72,99.9,0,1,2
18,0,23,1,1,4,32,1,2,1,2,73,99.9,0,0,2
18,0,23,1,0,12,12,1,1,1,2,74,0.088953634,1,1,2
18,0,23,1,1,9,37,1,1,1,2,75,0.250675507,1,1,2
18,0,23,1,0,6,6,1,2,1,2,76,99.9,0,0,2
18,0,23,1,0,27,27,0,0,0,2,77,99.9,0,1,2
18,0,23,1,0,12,12,1,1,1,2,78,0.271629504,1,1,2
18,0,23,1,0,5,5,1,2,1,2,79,99.9,0,0,2
18,0,23,1,0,13,13,1,1,1,2,80,0.333118391,1,1,2
18,0,23,1,0,18,18,0,0,0,2,81,99.9,0,1,2
18,0,23,1,0,17,17,0,0,0,2,82,99.9,0,1,2
18,0,23,1,1,18,46,0,0,0,2,83,99.9,0,1,2
18,0,23,1,1,17,45,0,0,0,2,84,99.9,0,1,2
18,0,23,1,0,14,14,1,1,1,2,85,0.409716325,1,1,2
18,0,23,1,1,17,45,0,0,0,2,86,99.9,0,1,2
18,0,23,1,0,24,24,0,0,0,2,87,0.311852021,1,0,2
18,0,23,1,0,25,25,0,0,0,2,88,99.9,0,1,2
18,0,23,1,0,17,17,0,0,0,2,89,99.9,0,1,2
18,0,23,1,0,12,12,1,1,1,2,90,0.270708895,1,1,2
18,0,23,1,1,1,29,1,2,1,2,91,0.447243507,1,1,2
18,0,23,1,1,21,49,0,0,0,2,92,99.9,0,1,2
18,0,23,1,1,0,28,1,2,1,2,93,0.250135994,1,1,2
18,0,23,1,1,17,45,0,0,0,2,94,99.9,0,1,2
18,0,23,1,1,15,43,1,1,1,2,95,0.232777413,1,1,2
18,0,23,1,1,23,51,0,0,0,2,96,99.9,0,1,2
18,0,23,1,0,0,0,1,2,1,2,97,0.234277251,1,1,2
18,0,23,1,1,27,55,0,0,0,2,98,99.9,0,1,2
18,0,23,1,0,25,25,0,0,0,2,99,99.9,0,1,2
18,0,23,1,1,26,54,0,0,0,2,100,99.9,0,1,2
18,0,23,1,1,20,48,0,0,0,2,101,99.9,0,1,2
18,0,23,1,1,11,39,1,1,1,2,102,0.250708976,1,1,2
18,0,23,1,0,27,27,0,0,0,2,103,99.9,0,1,2
18,0,23,1,0,9,9,1,1,1,2,104,0.120437287,1,1,2
18,0,23,1,1,15,43,1,1,1,2,105,0.268935508,1,1,2
18,0,23,1,0,1,1,1,2,1,2,106,99.9,0,0,2
18,0,23,1,1,20,48,0,0,0,2,107,99.9,0,1,2
18,0,23,1,1,13,41,1,1,1,2,108,0.299027761,1,1,2
18,0,23,1,0,14,14,1,1,1,2,109,0.225557129,1,1,2
18,0,23,1,0,17,17,0,0,0,2,110,99.9,0,1,2
18,0,23,1,0,8,8,1,1,1,2,111,0.302855225,1,1,2
18,0,23,1,1,25,53,0,0,0,2,112,99.9,0,1,2
18,0,23,1,0,12,12,1,1,1,2,113,0.230364553,1,1,2
18,0,23,1,1,24,52,0,0,0,2,114,99.9,0,1,2
18,0,23,1,0,22,22,0,0,0,2,115,99.9,0,1,2
18,0,23,1,1,24,52,0,0,0,2,116,99.9,0,1,2
18,0,23,1,1,13,41,1,1,1,2,117,0.229284188,1,1,2
18,0,23,1,0,6,6,1,2,1,2,118,0.264062039,1,1,2
18,0,23,1,0,3,3,1,2,1,2,119,0.196175302,1,1,2
18,0,23,1,1,23,51,0,0,0,2,120,99.9,0,1,2
18,0,23,1,0,20,20,0,0,0,2,121,99.9,0,1,2
18,0,23,1,0,17,17,0,0,0,2,122,0.309519931,1,0,2
18,0,23,1,1,10,38,1,1,1,2,123,99.9,0,0,2
18,0,23,1,1,16,44,0,0,0,2,124,99.9,0,1,2
18,0,23,1,0,14,14,1,1,1,2,125,0.247791856,1,1,2
18,0,23,1,1,6,34,1,2,1,2,126,0.245191126,1,1,2
18,0,23,1,1,10,38,1,1,1,2,127,99.9,0,0,2
18,0,23,1,0,21,21,0,0,0,2,128,99.9,0,1,2
18,0,23,1,0,18,18,0,0,0,2,129,99.9,0,1,2
18,0,23,1,0,0,0,1,2,1,2,130,0.269138104,1,1,2
18,0,23,1,1,6,34,1,2,1,2,131,0.279346015,1,1,2
18,0,23,1,0,13,13,1,1,1,2,132,0.276066989,1,1,2
18,0,23,1,0,20,20,0,0,0,2,133,99.9,0,1,2
18,0,23,1,1,18,46,0,0,0,2,134,99.9,0,1,2
18,0,23,1,1,2,30,1,2,1,2,135,0.211013923,1,1,2
18,0,23,1,0,20,20,0,0,0,2,136,99.9,0,1,2
18,0,23,1,1,7,35,1,2,1,2,137,0.234928326,1,1,2
18,0,23,1,1,12,40,1,1,1,2,138,0.24731571,1,1,2
18,0,23,1,1,3,31,1,2,1,2,139,0.27837632,1,1,2
18,0,23,1,0,15,15,1,1,1,2,140,0.282636644,1,1,2
18,0,23,1,0,4,4,1,2,1,2,141,99.9,0,0,2
18,0,23,1,1,6,34,1,2,1,2,142,0.222448123,1,1,2
18,0,23,1,1,13,41,1,1,1,2,143,0.24773429,1,1,2
18,0,23,1,1,2,30,1,2,1,2,144,0.259755751,1,1,2
18,0,23,1,0,12,12,1,1,1,2,145,0.2918463,1,1,2
18,0,23,1,0,11,11,1,1,1,2,146,0.290231776,1,1,2
18,0,23,1,1,14,42,1,1,1,2,147,0.209346743,1,1,2
18,0,23,1,0,19,19,0,0,0,2,148,99.9,0,1,2
18,0,23,1,0,4,4,1,2,1,2,149,99.9,0,0,2
18,0,23,1,1,19,47,0,0,0,2,150,99.9,0,1,2
18,0,23,1,1,14,42,1,1,1,2,151,0.277820741,1,1,2
18,0,23,1,0,26,26,0,0,0,2,152,99.9,0,1,2
18,0,23,1,0,16,16,0,0,0,2,153,99.9,0,1,2
18,0,23,1,0,23,23,0,0,0,2,154,99.9,0,1,2
18,0,23,1,0,13,13,1,1,1,2,155,0.276718957,1,1,2
18,0,23,1,0,27,27,0,0,0,2,156,99.9,0,1,2
18,0,23,1,0,25,25,0,0,0,2,157,99.9,0,1,2
18,0,23,1,1,27,55,0,0,0,2,158,99.9,0,1,2
18,0,23,1,0,3,3,1,2,1,2,159,0.296092791,1,1,2
18,0,23,1,1,18,46,0,0,0,2,160,99.9,0,1,2
18,0,23,1,1,14,42,1,1,1,2,161,0.183883861,1,1,2
18,0,23,1,1,11,39,1,1,1,2,162,0.20941011,1,1,2
18,0,23,1,0,18,18,0,0,0,2,163,99.9,0,1,2
18,0,23,1,1,8,36,1,1,1,2,164,0.233953275,1,1,2
18,0,23,1,0,24,24,0,0,0,2,165,99.9,0,1,2
18,0,23,1,1,26,54,0,0,0,2,166,99.9,0,1,2
18,0,23,1,0,9,9,1,1,1,2,167,99.9,0,0,2
18,0,23,1,1,15,43,1,1,1,2,168,0.271334534,1,1,2
18,0,23,1,0,2,2,1,2,1,2,169,0.357951617,1,1,2
18,0,23,1,0,14,14,1,1,1,2,170,0.270182323,1,1,2
18,0,23,1,0,1,1,1,2,1,2,171,0.269401836,1,1,2
18,0,23,1,1,27,55,0,0,0,2,172,99.9,0,1,2
18,0,23,1,0,21,21,0,0,0,2,173,99.9,0,1,2
18,0,23,1,1,13,41,1,1,1,2,174,0.252582769,1,1,2
18,0,23,1,1,25,53,0,0,0,2,175,99.9,0,1,2
18,0,23,1,1,3,31,1,2,1,2,176,0.259254169,1,1,2
18,0,23,1,1,0,28,1,2,1,2,177,0.254378915,1,1,2
18,0,23,1,1,22,50,0,0,0,2,178,99.9,0,1,2
18,0,23,1,0,5,5,1,2,1,2,179,0.233768975,1,1,2
18,0,23,1,0,16,16,0,0,0,2,180,99.9,0,1,2
18,0,23,1,1,21,49,0,0,0,2,181,99.9,0,1,2
18,0,23,1,0,24,24,0,0,0,2,182,99.9,0,1,2
18,0,23,1,1,6,34,1,2,1,2,183,0.141557734,1,1,2
18,0,23,1,0,11,11,1,1,1,2,184,99.9,0,0,2
18,0,23,1,1,8,36,1,1,1,2,185,0.296892913,1,1,2
18,0,23,1,1,19,47,0,0,0,2,186,99.9,0,1,2
18,0,23,1,1,14,42,1,1,1,2,187,0.206961104,1,1,2
18,0,23,1,1,4,32,1,2,1,2,188,0.341097742,1,1,2
18,0,23,1,1,13,41,1,1,1,2,189,0.307507355,1,1,2
18,0,23,1,1,21,49,0,0,0,2,190,99.9,0,1,2
18,0,23,1,1,1,29,1,2,1,2,191,99.9,0,0,2
18,0,23,1,0,21,21,0,0,0,2,192,99.9,0,1,2
18,0,23,1,0,7,7,1,2,1,2,193,0.302820864,1,1,2
18,0,23,1,1,1,29,1,2,1,2,194,0.133695746,1,1,2
18,0,23,1,1,27,55,0,0,0,2,195,99.9,0,1,2
18,0,23,1,0,1,1,1,2,1,2,196,0.145468647,1,1,2
18,0,23,1,0,23,23,0,0,0,2,197,99.9,0,1,2
18,0,23,1,0,16,16,0,0,0,2,198,99.9,0,1,2
18,0,23,1,0,9,9,1,1,1,2,199,0.405331943,1,1,2
18,0,23,1,0,15,15,1,1,1,2,200,0.252468976,1,1,2
18,0,23,1,1,16,44,0,0,0,2,201,99.9,0,1,2
18,0,23,1,1,5,33,1,2,1,2,202,99.9,0,0,2
18,0,23,1,0,24,24,0,0,0,2,203,99.9,0,1,2
18,0,23,1,0,0,0,1,2,1,2,204,99.9,0,0,2
18,0,23,1,0,10,10,1,1,1,2,205,0.240524716,1,1,2
18,0,23,1,0,9,9,1,1,1,2,206,0.292762446,1,1,2
18,0,23,1,1,0,28,1,2,1,2,207,99.9,0,0,2
18,0,23,1,0,27,27,0,0,0,2,208,99.9,0,1,2
18,0,23,1,1,22,50,0,0,0,2,209,99.9,0,1,2
18,0,23,1,0,7,7,1,2,1,2,210,99.9,0,0,2
18,0,23,1,1,23,51,0,0,0,2,211,99.9,0,1,2
18,0,23,1,0,16,16,0,0,0,2,212,99.9,0,1,2
18,0,23,1,1,23,51,0,0,0,2,213,99.9,0,1,2
18,0,23,1,1,3,31,1,2,1,2,214,0.278052344,1,1,2
18,0,23,1,0,25,25,0,0,0,2,215,99.9,0,1,2
18,0,23,1,0,8,8,1,1,1,2,216,0.251612181,1,1,2
18,0,23,1,1,19,47,0,0,0,2,217,99.9,0,1,2
18,0,23,1,0,10,10,1,1,1,2,218,0.241719766,1,1,2
18,0,23,1,0,23,23,0,0,0,2,219,99.9,0,1,2
18,0,23,1,0,16,16,0,0,0,2,220,99.9,0,1,2
18,0,23,1,1,4,32,1,2,1,2,221,99.9,0,0,2
18,0,23,1,1,20,48,0,0,0,2,222,99.9,0,1,2
18,0,23,1,1,10,38,1,1,1,2,223,0.223921632,1,1,2
18,0,23,1,0,22,22,0,0,0,2,224,99.9,0,1,2
18,0,23,1,0,2,2,1,2,1,2,225,99.9,0,0,2
18,0,23,1,0,0,0,1,2,1,2,226,99.9,0,0,2
18,0,23,1,1,24,52,0,0,0,2,227,99.9,0,1,2
18,0,23,1,0,6,6,1,2,1,2,228,0.273148084,1,1,2
18,0,23,1,0,13,13,1,1,1,2,229,0.299017497,1,1,2
18,0,23,1,0,22,22,0,0,0,2,230,99.9,0,1,2
18,0,23,1,0,15,15,1,1,1,2,231,0.264363702,1,1,2
18,0,23,1,1,3,31,1,2,1,2,232,0.18853376,1,1,2
18,0,23,1,1,18,46,0,0,0,2,233,99.9,0,1,2
18,0,23,1,0,8,8,1,1,1,2,234,0.152887958,1,1,2
18,0,23,1,1,10,38,1,1,1,2,235,0.09580398,1,1,2
18,0,23,1,0,26,26,0,0,0,2,236,99.9,0,1,2
18,0,23,1,1,9,37,1,1,1,2,237,99.9,0,0,2
18,0,23,1,0,6,6,1,2,1,2,238,0.20898082,1,1,2
18,0,23,1,1,25,53,0,0,0,2,239,99.9,0,1,2
18,0,23,1,1,22,50,0,0,0,2,240,99.9,0,1,2
18,0,23,1,1,24,52,0,0,0,2,241,99.9,0,1,2
18,0,23,1,1,15,43,1,1,1,2,242,0.340908979,1,1,2
18,0,23,1,0,26,26,0,0,0,2,243,99.9,0,1,2
18,0,23,1,0,21,21,0,0,0,2,244,99.9,0,1,2
18,0,23,1,0,10,10,1,1,1,2,245,99.9,0,0,2
18,0,23,1,1,9,37,1,1,1,2,246,0.258935994,1,1,2
18,0,23,1,0,3,3,1,2,1,2,247,99.9,0,0,2
18,0,23,1,0,15,15,1,1,1,2,248,0.294822324,1,1,2
18,0,23,1,1,19,47,0,0,0,2,249,99.9,0,1,2
18,0,23,1,0,18,18,0,0,0,2,250,99.9,0,1,2
18,0,23,1,0,11,11,1,1,1,2,251,99.9,0,0,2
18,0,23,1,1,12,40,1,1,1,2,252,0.239200699,1,1,2
18,0,23,1,0,25,25,0,0,0,2,253,99.9,0,1,2
18,0,23,1,0,13,13,1,1,1,2,254,0.267766786,1,1,2
18,0,23,1,1,8,36,1,1,1,2,255,99.9,0,0,2
18,0,23,1,1,5,33,1,2,1,2,256,0.250434087,1,1,2
18,0,23,1,1,0,28,1,2,1,2,257,0.215485323,1,1,2
18,0,23,1,0,2,2,1,2,1,2,258,0.185482766,1,1,2
18,0,23,1,0,17,17,0,0,0,2,259,99.9,0,1,2
18,0,23,1,1,9,37,1,1,1,2,260,0.289739565,1,1,2
18,0,23,1,1,26,54,0,0,0,2,261,99.9,0,1,2
18,0,23,1,0,4,4,1,2,1,2,262,99.9,0,0,2
18,0,23,1,0,5,5,1,2,1,2,263,99.9,0,0,2
18,0,23,1,1,26,54,0,0,0,2,264,99.9,0,1,2
18,0,23,1,1,7,35,1,2,1,2,265,0.217069502,1,1,2
18,0,23,1,0,8,8,1,1,1,2,266,99.9,0,0,2
18,0,23,1,1,4,32,1,2,1,2,267,0.226940496,1,1,2
18,0,23,1,0,27,27,0,0,0,2,268,99.9,0,1,2
18,0,23,1,1,23,51,0,0,0,2,269,99.9,0,1,2
18,0,23,1,1,22,50,0,0,0,2,270,99.9,0,1,2
18,0,23,1,0,14,14,1,1,1,2,271,0.049091686,1,1,2
18,0,23,1,0,10,10,1,1,1,2,272,1.418041072,1,1,2
18,0,23,1,0,5,5,1,2,1,2,273,99.9,0,0,2
18,0,23,1,1,8,36,1,1,1,2,274,0.319000905,1,1,2
18,0,23,1,0,20,20,0,0,0,2,275,99.9,0,1,2
18,0,23,1,1,4,32,1,2,1,2,276,0.311708329,1,1,2
18,0,23,1,0,22,22,0,0,0,2,277,0.27587421,1,0,2
18,0,23,1,0,21,21,0,0,0,2,278,99.9,0,1,2
18,0,23,1,1,12,40,1,1,1,2,279,0.250211856,1,1,2
18,0,23,1,1,5,33,1,2,1,2,280,0.270107354,1,1,2
18,0,23,1,1,19,47,0,0,0,3,1,0,0,1,0
18,0,23,1,1,26,54,0,0,0,3,2,0,0,1,0
18,0,23,1,0,27,27,0,0,0,3,3,0,0,1,0
18,0,23,1,0,12,12,1,1,1,3,4,0.451071378,1,1,0
18,0,23,1,1,7,35,1,2,1,3,5,0,0,0,0
18,0,23,1,0,20,20,0,0,0,3,6,0,0,1,0
18,0,23,1,0,3,3,1,2,1,3,7,0.367504397,1,1,0
18,0,23,1,1,18,46,0,0,0,3,8,0,0,1,0
18,0,23,1,0,21,21,0,0,0,3,9,0,0,1,0
18,0,23,1,0,0,0,1,2,1,3,10,0.441221803,1,1,0
18,0,23,1,1,17,45,0,0,0,3,11,0,0,1,0
18,0,23,1,1,19,47,0,0,0,3,12,0.514810691,1,0,0
18,0,23,1,1,5,33,1,2,1,3,13,0.385064681,1,1,0
18,0,23,1,0,19,19,0,0,0,3,14,0,0,1,0
18,0,23,1,0,1,1,1,2,1,3,15,0.399820747,1,1,0
18,0,23,1,1,0,28,1,2,1,3,16,0.45753438,1,1,0
18,0,23,1,0,15,15,1,1,1,3,17,0.416022654,1,1,0
18,0,23,1,1,11,39,1,1,1,3,18,0.785050134,1,1,0
18,0,23,1,1,22,50,0,0,0,3,19,0,0,1,0
18,0,23,1,1,3,31,1,2,1,3,20,0,0,0,0
18,0,23,1,1,25,53,0,0,0,3,21,0,0,1,0
18,0,23,1,0,20,20,0,0,0,3,22,0,0,1,0
18,0,23,1,1,27,55,0,0,0,3,23,0,0,1,0
18,0,23,1,0,11,11,1,1,1,3,24,0,0,0,0
18,0,23,1,1,0,28,1,2,1,3,25,0.412010443,1,1,0
18,0,23,1,1,2,30,1,2,1,3,26,0.414642857,1,1,0
18,0,23,1,1,16,44,0,0,0,3,27,0,0,1,0
18,0,23,1,1,26,54,0,0,0,3,28,0,0,1,0
18,0,23,1,0,6,6,1,2,1,3,29,0.456276408,1,1,0
18,0,23,1,0,15,15,1,1,1,3,30,0.394591619,1,1,0
18,0,23,1,0,19,19,0,0,0,3,31,0,0,1,0
18,0,23,1,0,4,4,1,2,1,3,32,0,0,0,0
18,0,23,1,1,23,51,0,0,0,3,33,0,0,1,0
18,0,23,1,1,22,50,0,0,0,3,34,0,0,1,0
18,0,23,1,1,0,28,1,2,1,3,35,0.471776815,1,1,0
18,0,23,1,1,27,55,0,0,0,3,36,0,0,1,0
18,0,23,1,0,0,0,1,2,1,3,37,0.290648085,1,1,0
18,0,23,1,1,26,54,0,0,0,3,38,0,0,1,0
18,0,23,1,1,25,53,0,0,0,3,39,0,0,1,0
18,0,23,1,0,16,16,0,0,0,3,40,0,0,1,0
18,0,23,1,1,19,47,0,0,0,3,41,0,0,1,0
18,0,23,1,1,12,40,1,1,1,3,42,0.305397011,1,1,0
18,0,23,1,1,9,37,1,1,1,3,43,0.090287874,1,1,0
18,0,23,1,1,7,35,1,2,1,3,44,0,0,0,0
18,0,23,1,1,24,52,0,0,0,3,45,0,0,1,0
18,0,23,1,0,21,21,0,0,0,3,46,0,0,1,0
18,0,23,1,0,11,11,1,1,1,3,47,0.42786874,1,1,0
18,0,23,1,0,10,10,1,1,1,3,48,0.209929502,1,1,0
18,0,23,1,0,16,16,0,0,0,3,49,0,0,1,0
18,0,23,1,0,9,9,1,1,1,3,50,0,0,0,0
18,0,23,1,1,15,43,1,1,1,3,51,0.491367079,1,1,0
18,0,23,1,0,16,16,0,0,0,3,52,0,0,1,0
18,0,23,1,0,21,21,0,0,0,3,53,0,0,1,0
18,0,23,1,0,7,7,1,2,1,3,54,0.278438308,1,1,0
18,0,23,1,1,2,30,1,2,1,3,55,0.403508536,1,1,0
18,0,23,1,1,19,47,0,0,0,3,56,0,0,1,0
18,0,23,1,1,24,52,0,0,0,3,57,0,0,1,0
18,0,23,1,1,4,32,1,2,1,3,58,0.429330647,1,1,0
18,0,23,1,1,6,34,1,2,1,3,59,0.439346225,1,1,0
18,0,23,1,0,20,20,0,0,0,3,60,0,0,1,0
18,0,23,1,1,14,42,1,1,1,3,61,0.617622094,1,1,0
18,0,23,1,0,11,11,1,1,1,3,62,0,0,0,0
18,0,23,1,1,3,31,1,2,1,3,63,0.4222188,1,1,0
18,0,23,1,0,5,5,1,2,1,3,64,0.409131701,1,1,0
18,0,23,1,0,2,2,1,2,1,3,65,0,0,0,0
18,0,23,1,1,24,52,0,0,0,3,66,0,0,1,0
18,0,23,1,1,21,49,0,0,0,3,67,0,0,1,0
18,0,23,1,0,26,26,0,0,0,3,68,0,0,1,0
18,0,23,1,0,25,25,0,0,0,3,69,0,0,1,0
18,0,23,1,1,18,46,0,0,0,3,70,0,0,1,0
18,0,23,1,1,6,34,1,2,1,3,71,0.414295676,1,1,0
18,0,23,1,0,16,16,0,0,0,3,72,0,0,1,0
18,0,23,1,1,13,41,1,1,1,3,73,0.460866956,1,1,0
18,0,23,1,0,9,9,1,1,1,3,74,0,0,0,0
18,0,23,1,0,0,0,1,2,1,3,75,0.427612148,1,1,0
18,0,23,1,0,8,8,1,1,1,3,76,0,0,0,0
18,0,23,1,1,17,45,0,0,0,3,77,0,0,1,0
18,0,23,1,0,4,4,1,2,1,3,78,0.438851337,1,1,0
18,0,23,1,0,21,21,0,0,0,3,79,0,0,1,0
18,0,23,1,0,24,24,0,0,0,3,80,0,0,1,0
18,0,23,1,1,25,53,0,0,0,3,81,0,0,1,0
18,0,23,1,1,22,50,0,0,0,3,82,0,0,1,0
18,0,23,1,0,7,7,1,2,1,3,83,0.443629308,1,1,0
18,0,23,1,0,10,10,1,1,1,3,84,0,0,0,0
18,0,23,1,1,6,34,1,2,1,3,85,0.32393904,1,1,0
18,0,23,1,0,2,2,1,2,1,3,86,0.399262937,1,1,0
18,0,23,1,0,17,17,0,0,0,3,87,0,0,1,0
18,0,23,1,1,22,50,0,0,0,3,88,0,0,1,0
18,0,23,1,0,14,14,1,1,1,3,89,0.343200866,1,1,0
18,0,23,1,1,23,51,0,0,0,3,90,0,0,1,0
18,0,23,1,0,4,4,1,2,1,3,91,0.42954306,1,1,0
18,0,23,1,1,26,54,0,0,0,3,92,0,0,1,0
18,0,23,1,0,18,18,0,0,0,3,93,0,0,1,0
18,0,23,1,0,27,27,0,0,0,3,94,0,0,1,0
18,0,23,1,1,10,38,1,1,1,3,95,0.144639479,1,1,0
18,0,23,1,0,17,17,0,0,0,3,96,0,0,1,0
18,0,23,1,0,8,8,1,1,1,3,97,0.549451544,1,1,0
18,0,23,1,1,27,55,0,0,0,3,98,0,0,1,0
18,0,23,1,1,5,33,1,2,1,3,99,0,0,0,0
18,0,23,1,0,7,7,1,2,1,3,100,0,0,0,0
18,0,23,1,1,13,41,1,1,1,3,101,0.325718229,1,1,0
18,0,23,1,1,4,32,1,2,1,3,102,0,0,0,0
18,0,23,1,1,6,34,1,2,1,3,103,0.278781026,1,1,0
18,0,23,1,1,10,38,1,1,1,3,104,0.313351818,1,1,0
18,0,23,1,0,25,25,0,0,0,3,105,0,0,1,0
18,0,23,1,1,9,37,1,1,1,3,106,0.370485776,1,1,0
18,0,23,1,1,13,41,1,1,1,3,107,0.424519206,1,1,0
18,0,23,1,0,20,20,0,0,0,3,108,0,0,1,0
18,0,23,1,0,12,12,1,1,1,3,109,0.383315837,1,1,0
18,0,23,1,1,14,42,1,1,1,3,110,0.532763227,1,1,0
18,0,23,1,1,8,36,1,1,1,3,111,0.605356982,1,1,0
18,0,23,1,1,16,44,0,0,0,3,112,0,0,1,0
18,0,23,1,0,18,18,0,0,0,3,113,0,0,1,0
18,0,23,1,1,15,43,1,1,1,3,114,0.416157867,1,1,0
18,0,23,1,0,6,6,1,2,1,3,115,0.415036894,1,1,0
18,0,23,1,0,18,18,0,0,0,3,116,0,0,1,0
18,0,23,1,0,14,14,1,1,1,3,117,0,0,0,0
18,0,23,1,1,8,36,1,1,1,3,118,0.433196489,1,1,0
18,0,23,1,1,24,52,0,0,0,3,119,0,0,1,0
18,0,23,1,1,8,36,1,1,1,3,120,0.409839449,1,1,0
18,0,23,1,1,3,31,1,2,1,3,121,0,0,0,0
18,0,23,1,0,22,22,0,0,0,3,122,0,0,1,0
18,0,23,1,0,23,23,0,0,0,3,123,0,0,1,0
18,0,23,1,0,15,15,1,1,1,3,124,0.370622328,1,1,0
18,0,23,1,0,0,0,1,2,1,3,125,0.554819901,1,1,0
18,0,23,1,1,8,36,1,1,1,3,126,0.456988173,1,1,0
18,0,23,1,0,7,7,1,2,1,3,127,0.479089026,1,1,0
18,0,23,1,0,13,13,1,1,1,3,128,0.370794579,1,1,0
18,0,23,1,1,5,33,1,2,1,3,129,0,0,0,0
18,0,23,1,0,22,22,0,0,0,3,130,0,0,1,0
18,0,23,1,0,11,11,1,1,1,3,131,0,0,0,0
18,0,23,1,0,6,6,1,2,1,3,132,0.498524443,1,1,0
18,0,23,1,0,12,12,1,1,1,3,133,0.430253486,1,1,0
18,0,23,1,0,5,5,1,2,1,3,134,0.294985611,1,1,0
18,0,23,1,0,10,10,1,1,1,3,135,0.438300221,1,1,0
18,0,23,1,0,26,26,0,0,0,3,136,0,0,1,0
18,0,23,1,1,15,43,1,1,1,3,137,0,0,0,0
18,0,23,1,1,20,48,0,0,0,3,138,0,0,1,0
18,0,23,1,1,5,33,1,2,1,3,139,0,0,0,0
18,0,23,1,0,10,10,1,1,1,3,140,0.295157416,1,1,0
18,0,23,1,0,24,24,0,0,0,3,141,0,0,1,0
18,0,23,1,0,4,4,1,2,1,3,142,0.423131377,1,1,0
18,0,23,1,0,1,1,1,2,1,3,143,0,0,0,0
18,0,23,1,1,4,32,1,2,1,3,144,0.435560261,1,1,0
18,0,23,1,1,11,39,1,1,1,3,145,0,0,0,0
18,0,23,1,1,25,53,0,0,0,3,146,0,0,1,0
18,0,23,1,0,14,14,1,1,1,3,147,0.377636892,1,1,0
18,0,23,1,0,13,13,1,1,1,3,148,0.409262005,1,1,0
18,0,23,1,1,21,49,0,0,0,3,149,0,0,1,0
18,0,23,1,0,23,23,0,0,0,3,150,0,0,1,0
18,0,23,1,0,17,17,0,0,0,3,151,0,0,1,0
18,0,23,1,1,1,29,1,2,1,3,152,0.329306505,1,1,0
18,0,23,1,1,21,49,0,0,0,3,153,0,0,1,0
18,0,23,1,0,13,13,1,1,1,3,154,0.341125369,1,1,0
18,0,23,1,1,12,40,1,1,1,3,155,0.488601237,1,1,0
18,0,23,1,0,9,9,1,1,1,3,156,0.473022291,1,1,0
18,0,23,1,0,23,23,0,0,0,3,157,0,0,1,0
18,0,23,1,1,5,33,1,2,1,3,158,0.436148862,1,1,0
18,0,23,1,1,10,38,1,1,1,3,159,0,0,0,0
18,0,23,1,0,3,3,1,2,1,3,160,0,0,0,0
18,0,23,1,1,1,29,1,2,1,3,161,0.472763468,1,1,0
18,0,23,1,1,17,45,0,0,0,3,162,0,0,1,0
18,0,23,1,1,18,46,0,0,0,3,163,0,0,1,0
18,0,23,1,1,9,37,1,1,1,3,164,0,0,0,0
18,0,23,1,0,1,1,1,2,1,3,165,0.380677622,1,1,0
18,0,23,1,1,18,46,0,0,0,3,166,0,0,1,0
18,0,23,1,1,10,38,1,1,1,3,167,0.38957669,1,1,0
18,0,23,1,0,17,17,0,0,0,3,168,0,0,1,0
18,0,23,1,1,20,48,0,0,0,3,169,0,0,1,0
18,0,23,1,0,3,3,1,2,1,3,170,0.467761926,1,1,0
18,0,23,1,1,15,43,1,1,1,3,171,0.336397823,1,1,0
18,0,23,1,0,22,22,0,0,0,3,172,0,0,1,0
18,0,23,1,0,8,8,1,1,1,3,173,0.328854902,1,1,0
18,0,23,1,0,1,1,1,2,1,3,174,0,0,0,0
18,0,23,1,0,2,2,1,2,1,3,175,0,0,0,0
18,0,23,1,1,21,49,0,0,0,3,176,0,0,1,0
18,0,23,1,1,23,51,0,0,0,3,177,0,0,1,0
18,0,23,1,1,12,40,1,1,1,3,178,0.300641798,1,1,0
18,0,23,1,0,14,14,1,1,1,3,179,0.423760585,1,1,0
18,0,23,1,1,18,46,0,0,0,3,180,0,0,1,0
18,0,23,1,1,2,30,1,2,1,3,181,0.409762695,1,1,0
18,0,23,1,0,7,7,1,2,1,3,182,0.448723223,1,1,0
18,0,23,1,1,1,29,1,2,1,3,183,0.386604235,1,1,0
18,0,23,1,0,18,18,0,0,0,3,184,0,0,1,0
18,0,23,1,0,24,24,0,0,0,3,185,0,0,1,0
18,0,23,1,0,26,26,0,0,0,3,186,0,0,1,0
18,0,23,1,1,16,44,0,0,0,3,187,0,0,1,0
18,0,23,1,1,13,41,1,1,1,3,188,0.459682169,1,1,0
18,0,23,1,0,0,0,1,2,1,3,189,0.398962613,1,1,0
18,0,23,1,1,17,45,0,0,0,3,190,0,0,1,0
18,0,23,1,0,4,4,1,2,1,3,191,0.377502125,1,1,0
18,0,23,1,0,27,27,0,0,0,3,192,0,0,1,0
18,0,23,1,0,24,24,0,0,0,3,193,0,0,1,0
18,0,23,1,0,6,6,1,2,1,3,194,0.38418959,1,1,0
18,0,23,1,0,19,19,0,0,0,3,195,0,0,1,0
18,0,23,1,1,2,30,1,2,1,3,196,0.421897056,1,1,0
18,0,23,1,1,20,48,0,0,0,3,197,0,0,1,0
18,0,23,1,0,18,18,0,0,0,3,198,0,0,1,0
18,0,23,1,1,14,42,1,1,1,3,199,0.541544485,1,1,0
18,0,23,1,1,7,35,1,2,1,3,200,0.386693931,1,1,0
18,0,23,1,0,27,27,0,0,0,3,201,0,0,1,0
18,0,23,1,1,11,39,1,1,1,3,202,0,0,0,0
18,0,23,1,0,26,26,0,0,0,3,203,0,0,1,0
18,0,23,1,1,19,47,0,0,0,3,204,0,0,1,0
18,0,23,1,0,5,5,1,2,1,3,205,0.434180464,1,1,0
18,0,23,1,0,19,19,0,0,0,3,206,0,0,1,0
18,0,23,1,1,1,29,1,2,1,3,207,0,0,0,0
18,0,23,1,0,19,19,0,0,0,3,208,0,0,1,0
18,0,23,1,1,3,31,1,2,1,3,209,0.382058312,1,1,0
18,0,23,1,1,6,34,1,2,1,3,210,0.448605414,1,1,0
18,0,23,1,0,9,9,1,1,1,3,211,0,0,0,0
18,0,23,1,0,25,25,0,0,0,3,212,0,0,1,0
18,0,23,1,0,13,13,1,1,1,3,213,0.479761967,1,1,0
18,0,23,1,0,3,3,1,2,1,3,214,0.361700502,1,1,0
18,0,23,1,0,12,12,1,1,1,3,215,0.583551992,1,1,0
18,0,23,1,0,14,14,1,1,1,3,216,0.454016165,1,1,0
18,0,23,1,0,27,27,0,0,0,3,217,0,0,1,0
18,0,23,1,1,0,28,1,2,1,3,218,0,0,0,0
18,0,23,1,1,12,40,1,1,1,3,219,0.422312512,1,1,0
18,0,23,1,0,8,8,1,1,1,3,220,0.660040595,1,1,0
18,0,23,1,1,26,54,0,0,0,3,221,0,0,1,0
18,0,23,1,1,3,31,1,2,1,3,222,0,0,0,0
18,0,23,1,0,22,22,0,0,0,3,223,0,0,1,0
18,0,23,1,0,12,12,1,1,1,3,224,0.454889025,1,1,0
18,0,23,1,1,14,42,1,1,1,3,225,0.44941937,1,1,0
18,0,23,1,0,9,9,1,1,1,3,226,0,0,0,0
18,0,23,1,0,23,23,0,0,0,3,227,0,0,1,0
18,0,23,1,0,17,17,0,0,0,3,228,0,0,1,0
18,0,23,1,1,21,49,0,0,0,3,229,0,0,1,0
18,0,23,1,1,17,45,0,0,0,3,230,0,0,1,0
18,0,23,1,1,7,35,1,2,1,3,231,0.394595189,1,1,0
18,0,23,1,1,2,30,1,2,1,3,232,0.490784726,1,1,0
18,0,23,1,0,13,13,1,1,1,3,233,0.352827317,1,1,0
18,0,23,1,0,25,25,0,0,0,3,234,0,0,1,0
18,0,23,1,0,8,8,1,1,1,3,235,0.383733971,1,1,0
18,0,23,1,0,16,16,0,0,0,3,236,0,0,1,0
18,0,23,1,0,15,15,1,1,1,3,237,0.576547691,1,1,0
18,0,23,1,1,14,42,1,1,1,3,238,0.450812554,1,1,0
18,0,23,1,1,7,35,1,2,1,3,239,0,0,0,0
18,0,23,1,1,16,44,0,0,0,3,240,0,0,1,0
18,0,23,1,0,1,1,1,2,1,3,241,0.384763018,1,1,0
18,0,23,1,0,24,24,0,0,0,3,242,0,0,1,0
18,0,23,1,0,15,15,1,1,1,3,243,0,0,0,0
18,0,23,1,0,26,26,0,0,0,3,244,0,0,1,0
18,0,23,1,0,2,2,1,2,1,3,245,0,0,0,0
18,0,23,1,1,16,44,0,0,0,3,246,0,0,1,0
18,0,23,1,0,3,3,1,2,1,3,247,0,0,0,0
18,0,23,1,1,23,51,0,0,0,3,248,0,0,1,0
18,0,23,1,1,9,37,1,1,1,3,249,0.475391865,1,1,0
18,0,23,1,1,8,36,1,1,1,3,250,0.416565291,1,1,0
18,0,23,1,0,11,11,1,1,1,3,251,0,0,0,0
18,0,23,1,1,13,41,1,1,1,3,252,0.256531126,1,1,0
18,0,23,1,1,24,52,0,0,0,3,253,0,0,1,0
18,0,23,1,1,10,38,1,1,1,3,254,0.355835471,1,1,0
18,0,23,1,0,23,23,0,0,0,3,255,0,0,1,0
18,0,23,1,0,5,5,1,2,1,3,256,0,0,0,0
18,0,23,1,0,25,25,0,0,0,3,257,0,0,1,0
18,0,23,1,0,5,5,1,2,1,3,258,0.515760305,1,1,0
18,0,23,1,1,27,55,0,0,0,3,259,0,0,1,0
18,0,23,1,1,20,48,0,0,0,3,260,0,0,1,0
18,0,23,1,0,6,6,1,2,1,3,261,0.43147799,1,1,0
18,0,23,1,1,20,48,0,0,0,3,262,0,0,1,0
18,0,23,1,1,1,29,1,2,1,3,263,0.355179934,1,1,0
18,0,23,1,0,21,21,0,0,0,3,264,0,0,1,0
18,0,23,1,1,4,32,1,2,1,3,265,0.488174625,1,1,0
18,0,23,1,1,15,43,1,1,1,3,266,0.326246586,1,1,0
18,0,23,1,1,25,53,0,0,0,3,267,0,0,1,0
18,0,23,1,1,4,32,1,2,1,3,268,0.380877095,1,1,0
18,0,23,1,0,2,2,1,2,1,3,269,0.495564929,1,1,0
18,0,23,1,1,11,39,1,1,1,3,270,0,0,0,0
18,0,23,1,1,0,28,1,2,1,3,271,0.417210119,1,1,0
18,0,23,1,1,12,40,1,1,1,3,272,0.370531293,1,1,0
18,0,23,1,0,22,22,0,0,0,3,273,0,0,1,0
18,0,23,1,1,23,51,0,0,0,3,274,0,0,1,0
18,0,23,1,1,22,50,0,0,0,3,275,0,0,1,0
18,0,23,1,0,10,10,1,1,1,3,276,0.43159803,1,1,0
18,0,23,1,1,27,55,0,0,0,3,277,0,0,1,0
18,0,23,1,1,11,39,1,1,1,3,278,0,0,0,0
18,0,23,1,1,9,37,1,1,1,3,279,0.401320138,1,1,0
18,0,23,1,0,20,20,0,0,0,3,280,0,0,1,0